,Date,simTemp,Pred_Price
0,0,61,13.13289155289892
1,1,61,13.13289155289892
2,2,60,16.948838109685983
3,3,61,13.13289155289892
4,4,61,13.13289155289892
5,5,61,13.13289155289892
6,6,61,13.13289155289892
7,7,61,13.13289155289892
8,8,60,16.948838109685983
9,9,59,26.192422806655358
10,10,58,21.303292919552927
11,11,57,39.897571595362706
12,12,57,39.897571595362706
13,13,57,39.897571595362706
14,14,56,24.25050449410714
15,15,55,64.27906273469583
16,16,55,64.27906273469583
17,17,54,26.949197621085467
18,18,55,64.27906273469583
19,19,56,24.25050449410714
20,20,56,24.25050449410714
21,21,55,64.27906273469583
22,22,54,26.949197621085467
23,23,54,26.949197621085467
24,24,55,64.27906273469583
25,25,56,24.25050449410714
26,26,55,64.27906273469583
27,27,54,26.949197621085467
28,28,54,26.949197621085467
29,29,53,40.473021380617254
30,30,53,40.473021380617254
31,31,53,40.473021380617254
32,32,52,42.441191211432596
33,33,53,40.473021380617254
34,34,52,42.441191211432596
35,35,52,42.441191211432596
36,36,53,40.473021380617254
37,37,53,40.473021380617254
38,38,52,42.441191211432596
39,39,53,40.473021380617254
40,40,52,42.441191211432596
41,41,51,48.49037480903976
42,42,50,53.975674323127336
43,43,51,48.49037480903976
44,44,51,48.49037480903976
45,45,51,48.49037480903976
46,46,51,48.49037480903976
47,47,50,53.975674323127336
48,48,51,48.49037480903976
49,49,51,48.49037480903976
50,50,51,48.49037480903976
51,51,51,48.49037480903976
52,52,52,42.441191211432596
53,53,51,48.49037480903976
54,54,50,53.975674323127336
55,55,49,52.44518254220919
56,56,49,52.44518254220919
57,57,50,53.975674323127336
58,58,51,48.49037480903976
59,59,50,53.975674323127336
60,60,49,52.44518254220919
61,61,50,53.975674323127336
62,62,50,53.975674323127336
63,63,49,52.44518254220919
64,64,50,53.975674323127336
65,65,50,53.975674323127336
66,66,50,53.975674323127336
67,67,49,52.44518254220919
68,68,48,95.29833682126076
69,69,48,95.29833682126076
70,70,49,52.44518254220919
71,71,50,53.975674323127336
72,72,49,52.44518254220919
73,73,48,95.29833682126076
74,74,48,95.29833682126076
75,75,48,95.29833682126076
76,76,48,95.29833682126076
77,77,47,50.2807254072045
78,78,46,67.98341022336983
79,79,46,67.98341022336983
80,80,46,67.98341022336983
81,81,45,90.61561877540126
82,82,46,67.98341022336983
83,83,45,90.61561877540126
84,84,45,90.61561877540126
85,85,44,132.2359761486605
86,86,45,90.61561877540126
87,87,45,90.61561877540126
88,88,44,132.2359761486605
89,89,43,90.96847604883789
90,90,42,139.76920763912946
91,91,42,139.76920763912946
92,92,41,188.97508606056442
93,93,42,139.76920763912946
94,94,43,90.96847604883789
95,95,44,132.2359761486605
96,96,43,90.96847604883789
97,97,43,90.96847604883789
98,98,43,90.96847604883789
99,99,44,132.2359761486605
100,100,43,90.96847604883789
101,101,42,139.76920763912946
102,102,41,188.97508606056442
103,103,42,139.76920763912946
104,104,42,139.76920763912946
105,105,42,139.76920763912946
106,106,41,188.97508606056442
107,107,42,139.76920763912946
108,108,41,188.97508606056442
109,109,41,188.97508606056442
110,110,41,188.97508606056442
111,111,40,176.2677396523726
112,112,40,176.2677396523726
113,113,39,195.38722050554284
114,114,40,176.2677396523726
115,115,41,188.97508606056442
116,116,40,176.2677396523726
117,117,40,176.2677396523726
118,118,39,195.38722050554284
119,119,40,176.2677396523726
120,120,40,176.2677396523726
121,121,41,188.97508606056442
122,122,42,139.76920763912946
123,123,43,90.96847604883789
124,124,43,90.96847604883789
125,125,44,132.2359761486605
126,126,43,90.96847604883789
127,127,42,139.76920763912946
128,128,42,139.76920763912946
129,129,41,188.97508606056442
130,130,40,176.2677396523726
131,131,41,188.97508606056442
132,132,42,139.76920763912946
133,133,43,90.96847604883789
134,134,43,90.96847604883789
135,135,42,139.76920763912946
136,136,41,188.97508606056442
137,137,41,188.97508606056442
138,138,41,188.97508606056442
139,139,41,188.97508606056442
140,140,41,188.97508606056442
141,141,40,176.2677396523726
142,142,40,176.2677396523726
143,143,41,188.97508606056442
144,144,42,139.76920763912946
145,145,42,139.76920763912946
146,146,42,139.76920763912946
147,147,43,90.96847604883789
148,148,42,139.76920763912946
149,149,42,139.76920763912946
150,150,42,139.76920763912946
151,151,42,139.76920763912946
152,152,43,90.96847604883789
153,153,42,139.76920763912946
154,154,42,139.76920763912946
155,155,42,139.76920763912946
156,156,42,139.76920763912946
157,157,42,139.76920763912946
158,158,43,90.96847604883789
159,159,43,90.96847604883789
160,160,44,132.2359761486605
161,161,45,90.61561877540126
162,162,44,132.2359761486605
163,163,43,90.96847604883789
164,164,43,90.96847604883789
165,165,43,90.96847604883789
166,166,42,139.76920763912946
167,167,41,188.97508606056442
168,168,41,188.97508606056442
169,169,41,188.97508606056442
170,170,42,139.76920763912946
171,171,42,139.76920763912946
172,172,42,139.76920763912946
173,173,43,90.96847604883789
174,174,44,132.2359761486605
175,175,44,132.2359761486605
176,176,45,90.61561877540126
177,177,44,132.2359761486605
178,178,43,90.96847604883789
179,179,44,132.2359761486605
180,180,44,132.2359761486605
181,181,44,132.2359761486605
182,182,45,90.61561877540126
183,183,44,132.2359761486605
184,184,44,132.2359761486605
185,185,45,90.61561877540126
186,186,44,132.2359761486605
187,187,45,90.61561877540126
188,188,46,67.98341022336983
189,189,47,50.2807254072045
190,190,48,95.29833682126076
191,191,47,50.2807254072045
192,192,48,95.29833682126076
193,193,48,95.29833682126076
194,194,48,95.29833682126076
195,195,48,95.29833682126076
196,196,47,50.2807254072045
197,197,46,67.98341022336983
198,198,45,90.61561877540126
199,199,44,132.2359761486605
200,200,44,132.2359761486605
201,201,43,90.96847604883789
202,202,44,132.2359761486605
203,203,43,90.96847604883789
204,204,43,90.96847604883789
205,205,42,139.76920763912946
206,206,41,188.97508606056442
207,207,42,139.76920763912946
208,208,41,188.97508606056442
209,209,41,188.97508606056442
210,210,40,176.2677396523726
211,211,41,188.97508606056442
212,212,41,188.97508606056442
213,213,40,176.2677396523726
214,214,41,188.97508606056442
215,215,40,176.2677396523726
216,216,41,188.97508606056442
217,217,42,139.76920763912946
218,218,42,139.76920763912946
219,219,42,139.76920763912946
220,220,41,188.97508606056442
221,221,42,139.76920763912946
222,222,41,188.97508606056442
223,223,41,188.97508606056442
224,224,41,188.97508606056442
225,225,40,176.2677396523726
226,226,41,188.97508606056442
227,227,40,176.2677396523726
228,228,39,195.38722050554284
229,229,40,176.2677396523726
230,230,39,195.38722050554284
231,231,40,176.2677396523726
232,232,40,176.2677396523726
233,233,41,188.97508606056442
234,234,42,139.76920763912946
235,235,41,188.97508606056442
236,236,40,176.2677396523726
237,237,40,176.2677396523726
238,238,40,176.2677396523726
239,239,40,176.2677396523726
240,240,40,176.2677396523726
241,241,41,188.97508606056442
242,242,40,176.2677396523726
243,243,39,195.38722050554284
244,244,38,213.7403224371987
245,245,37,162.26800709768435
246,246,36,223.48214576645398
247,247,37,162.26800709768435
248,248,37,162.26800709768435
249,249,36,223.48214576645398
250,250,37,162.26800709768435
251,251,37,162.26800709768435
252,252,38,213.7403224371987
253,253,37,162.26800709768435
254,254,38,213.7403224371987
255,255,37,162.26800709768435
256,256,37,162.26800709768435
257,257,36,223.48214576645398
258,258,37,162.26800709768435
259,259,38,213.7403224371987
260,260,37,162.26800709768435
261,261,36,223.48214576645398
262,262,36,223.48214576645398
263,263,36,223.48214576645398
264,264,37,162.26800709768435
265,265,36,223.48214576645398
266,266,35,189.22024619860207
267,267,36,223.48214576645398
268,268,37,162.26800709768435
269,269,37,162.26800709768435
270,270,38,213.7403224371987
271,271,38,213.7403224371987
272,272,39,195.38722050554284
273,273,40,176.2677396523726
274,274,40,176.2677396523726
275,275,39,195.38722050554284
276,276,40,176.2677396523726
277,277,39,195.38722050554284
278,278,40,176.2677396523726
279,279,39,195.38722050554284
280,280,39,195.38722050554284
281,281,40,176.2677396523726
282,282,41,188.97508606056442
283,283,40,176.2677396523726
284,284,40,176.2677396523726
285,285,41,188.97508606056442
286,286,42,139.76920763912946
287,287,41,188.97508606056442
288,288,42,139.76920763912946
289,289,43,90.96847604883789
290,290,43,90.96847604883789
291,291,42,139.76920763912946
292,292,41,188.97508606056442
293,293,42,139.76920763912946
294,294,43,90.96847604883789
295,295,42,139.76920763912946
296,296,43,90.96847604883789
297,297,44,132.2359761486605
298,298,45,90.61561877540126
299,299,44,132.2359761486605
300,300,45,90.61561877540126
301,301,45,90.61561877540126
302,302,46,67.98341022336983
303,303,47,50.2807254072045
304,304,47,50.2807254072045
305,305,46,67.98341022336983
306,306,47,50.2807254072045
307,307,46,67.98341022336983
308,308,46,67.98341022336983
309,309,45,90.61561877540126
310,310,45,90.61561877540126
311,311,46,67.98341022336983
312,312,46,67.98341022336983
313,313,45,90.61561877540126
314,314,46,67.98341022336983
315,315,47,50.2807254072045
316,316,48,95.29833682126076
317,317,47,50.2807254072045
318,318,47,50.2807254072045
319,319,48,95.29833682126076
320,320,49,52.44518254220919
321,321,50,53.975674323127336
322,322,49,52.44518254220919
323,323,50,53.975674323127336
324,324,51,48.49037480903976
325,325,50,53.975674323127336
326,326,49,52.44518254220919
327,327,49,52.44518254220919
328,328,49,52.44518254220919
329,329,49,52.44518254220919
330,330,49,52.44518254220919
331,331,49,52.44518254220919
332,332,50,53.975674323127336
333,333,51,48.49037480903976
334,334,52,42.441191211432596
335,335,51,48.49037480903976
336,336,50,53.975674323127336
337,337,49,52.44518254220919
338,338,49,52.44518254220919
339,339,49,52.44518254220919
340,340,49,52.44518254220919
341,341,48,95.29833682126076
342,342,47,50.2807254072045
343,343,47,50.2807254072045
344,344,46,67.98341022336983
345,345,46,67.98341022336983
346,346,45,90.61561877540126
347,347,45,90.61561877540126
348,348,46,67.98341022336983
349,349,47,50.2807254072045
350,350,48,95.29833682126076
351,351,47,50.2807254072045
352,352,47,50.2807254072045
353,353,47,50.2807254072045
354,354,46,67.98341022336983
355,355,45,90.61561877540126
356,356,45,90.61561877540126
357,357,46,67.98341022336983
358,358,47,50.2807254072045
359,359,48,95.29833682126076
360,360,48,95.29833682126076
361,361,48,95.29833682126076
362,362,48,95.29833682126076
363,363,49,52.44518254220919
364,364,50,53.975674323127336
365,365,49,52.44518254220919
366,366,50,53.975674323127336
367,367,51,48.49037480903976
368,368,51,48.49037480903976
369,369,50,53.975674323127336
370,370,49,52.44518254220919
371,371,50,53.975674323127336
372,372,49,52.44518254220919
373,373,50,53.975674323127336
374,374,51,48.49037480903976
375,375,50,53.975674323127336
376,376,51,48.49037480903976
377,377,51,48.49037480903976
378,378,52,42.441191211432596
379,379,52,42.441191211432596
380,380,52,42.441191211432596
381,381,53,40.473021380617254
382,382,54,26.949197621085467
383,383,54,26.949197621085467
384,384,53,40.473021380617254
385,385,53,40.473021380617254
386,386,54,26.949197621085467
387,387,54,26.949197621085467
388,388,53,40.473021380617254
389,389,52,42.441191211432596
390,390,51,48.49037480903976
391,391,51,48.49037480903976
392,392,51,48.49037480903976
393,393,50,53.975674323127336
394,394,50,53.975674323127336
395,395,49,52.44518254220919
396,396,49,52.44518254220919
397,397,50,53.975674323127336
398,398,49,52.44518254220919
399,399,50,53.975674323127336
400,400,49,52.44518254220919
401,401,50,53.975674323127336
402,402,51,48.49037480903976
403,403,52,42.441191211432596
404,404,51,48.49037480903976
405,405,51,48.49037480903976
406,406,52,42.441191211432596
407,407,51,48.49037480903976
408,408,51,48.49037480903976
409,409,51,48.49037480903976
410,410,52,42.441191211432596
411,411,51,48.49037480903976
412,412,50,53.975674323127336
413,413,50,53.975674323127336
414,414,51,48.49037480903976
415,415,52,42.441191211432596
416,416,52,42.441191211432596
417,417,51,48.49037480903976
418,418,51,48.49037480903976
419,419,52,42.441191211432596
420,420,52,42.441191211432596
421,421,52,42.441191211432596
422,422,52,42.441191211432596
423,423,53,40.473021380617254
424,424,54,26.949197621085467
425,425,55,64.27906273469583
426,426,56,24.25050449410714
427,427,55,64.27906273469583
428,428,55,64.27906273469583
429,429,55,64.27906273469583
430,430,56,24.25050449410714
431,431,57,39.897571595362706
432,432,58,21.303292919552927
433,433,58,21.303292919552927
434,434,58,21.303292919552927
435,435,57,39.897571595362706
436,436,57,39.897571595362706
437,437,58,21.303292919552927
438,438,59,26.192422806655358
439,439,60,16.948838109685983
440,440,60,16.948838109685983
441,441,59,26.192422806655358
442,442,58,21.303292919552927
443,443,58,21.303292919552927
444,444,57,39.897571595362706
445,445,58,21.303292919552927
446,446,57,39.897571595362706
447,447,58,21.303292919552927
448,448,57,39.897571595362706
449,449,57,39.897571595362706
450,450,56,24.25050449410714
451,451,55,64.27906273469583
452,452,55,64.27906273469583
453,453,54,26.949197621085467
454,454,55,64.27906273469583
455,455,54,26.949197621085467
456,456,54,26.949197621085467
457,457,54,26.949197621085467
458,458,54,26.949197621085467
459,459,53,40.473021380617254
460,460,53,40.473021380617254
461,461,54,26.949197621085467
462,462,53,40.473021380617254
463,463,52,42.441191211432596
464,464,51,48.49037480903976
465,465,52,42.441191211432596
466,466,52,42.441191211432596
467,467,53,40.473021380617254
468,468,54,26.949197621085467
469,469,53,40.473021380617254
470,470,54,26.949197621085467
471,471,54,26.949197621085467
472,472,53,40.473021380617254
473,473,52,42.441191211432596
474,474,52,42.441191211432596
475,475,51,48.49037480903976
476,476,50,53.975674323127336
477,477,49,52.44518254220919
478,478,50,53.975674323127336
479,479,51,48.49037480903976
480,480,50,53.975674323127336
481,481,49,52.44518254220919
482,482,49,52.44518254220919
483,483,48,95.29833682126076
484,484,48,95.29833682126076
485,485,47,50.2807254072045
486,486,46,67.98341022336983
487,487,46,67.98341022336983
488,488,45,90.61561877540126
489,489,46,67.98341022336983
490,490,47,50.2807254072045
491,491,46,67.98341022336983
492,492,47,50.2807254072045
493,493,47,50.2807254072045
494,494,46,67.98341022336983
495,495,47,50.2807254072045
496,496,48,95.29833682126076
497,497,47,50.2807254072045
498,498,46,67.98341022336983
499,499,45,90.61561877540126
500,500,45,90.61561877540126
501,501,46,67.98341022336983
502,502,45,90.61561877540126
503,503,45,90.61561877540126
504,504,44,132.2359761486605
505,505,43,90.96847604883789
506,506,42,139.76920763912946
507,507,43,90.96847604883789
508,508,43,90.96847604883789
509,509,43,90.96847604883789
510,510,42,139.76920763912946
511,511,43,90.96847604883789
512,512,44,132.2359761486605
513,513,44,132.2359761486605
514,514,43,90.96847604883789
515,515,44,132.2359761486605
516,516,43,90.96847604883789
517,517,44,132.2359761486605
518,518,45,90.61561877540126
519,519,46,67.98341022336983
520,520,45,90.61561877540126
521,521,45,90.61561877540126
522,522,45,90.61561877540126
523,523,45,90.61561877540126
524,524,46,67.98341022336983
525,525,46,67.98341022336983
526,526,46,67.98341022336983
527,527,45,90.61561877540126
528,528,46,67.98341022336983
529,529,46,67.98341022336983
530,530,47,50.2807254072045
531,531,46,67.98341022336983
532,532,47,50.2807254072045
533,533,47,50.2807254072045
534,534,47,50.2807254072045
535,535,47,50.2807254072045
536,536,47,50.2807254072045
537,537,48,95.29833682126076
538,538,48,95.29833682126076
539,539,49,52.44518254220919
540,540,48,95.29833682126076
541,541,48,95.29833682126076
542,542,48,95.29833682126076
543,543,47,50.2807254072045
544,544,47,50.2807254072045
545,545,46,67.98341022336983
546,546,46,67.98341022336983
547,547,47,50.2807254072045
548,548,48,95.29833682126076
549,549,49,52.44518254220919
550,550,49,52.44518254220919
551,551,48,95.29833682126076
552,552,47,50.2807254072045
553,553,46,67.98341022336983
554,554,45,90.61561877540126
555,555,44,132.2359761486605
556,556,45,90.61561877540126
557,557,44,132.2359761486605
558,558,45,90.61561877540126
559,559,44,132.2359761486605
560,560,44,132.2359761486605
561,561,43,90.96847604883789
562,562,44,132.2359761486605
563,563,44,132.2359761486605
564,564,44,132.2359761486605
565,565,43,90.96847604883789
566,566,44,132.2359761486605
567,567,43,90.96847604883789
568,568,43,90.96847604883789
569,569,43,90.96847604883789
570,570,43,90.96847604883789
571,571,44,132.2359761486605
572,572,43,90.96847604883789
573,573,42,139.76920763912946
574,574,42,139.76920763912946
575,575,41,188.97508606056442
576,576,40,176.2677396523726
577,577,41,188.97508606056442
578,578,40,176.2677396523726
579,579,39,195.38722050554284
580,580,38,213.7403224371987
581,581,37,162.26800709768435
582,582,38,213.7403224371987
583,583,37,162.26800709768435
584,584,36,223.48214576645398
585,585,36,223.48214576645398
586,586,37,162.26800709768435
587,587,37,162.26800709768435
588,588,36,223.48214576645398
589,589,37,162.26800709768435
590,590,37,162.26800709768435
591,591,36,223.48214576645398
592,592,36,223.48214576645398
593,593,37,162.26800709768435
594,594,37,162.26800709768435
595,595,36,223.48214576645398
596,596,35,189.22024619860207
597,597,36,223.48214576645398
598,598,36,223.48214576645398
599,599,35,189.22024619860207
600,600,36,223.48214576645398
601,601,35,189.22024619860207
602,602,34,243.01238719651133
603,603,35,189.22024619860207
604,604,36,223.48214576645398
605,605,36,223.48214576645398
606,606,36,223.48214576645398
607,607,35,189.22024619860207
608,608,34,243.01238719651133
609,609,33,215.93119090896738
610,610,32,208.37922120969753
611,611,31,221.90863509880714
612,612,30,221.90863509880714
613,613,30,221.90863509880714
614,614,29,221.90863509880714
615,615,29,221.90863509880714
616,616,29,221.90863509880714
617,617,28,221.90863509880714
618,618,28,221.90863509880714
619,619,29,221.90863509880714
620,620,30,221.90863509880714
621,621,29,221.90863509880714
622,622,29,221.90863509880714
623,623,30,221.90863509880714
624,624,31,221.90863509880714
625,625,31,221.90863509880714
626,626,31,221.90863509880714
627,627,31,221.90863509880714
628,628,30,221.90863509880714
629,629,29,221.90863509880714
630,630,29,221.90863509880714
631,631,30,221.90863509880714
632,632,29,221.90863509880714
633,633,29,221.90863509880714
634,634,30,221.90863509880714
635,635,31,221.90863509880714
636,636,31,221.90863509880714
637,637,32,208.37922120969753
638,638,33,215.93119090896738
639,639,32,208.37922120969753
640,640,32,208.37922120969753
641,641,31,221.90863509880714
642,642,30,221.90863509880714
643,643,31,221.90863509880714
644,644,32,208.37922120969753
645,645,33,215.93119090896738
646,646,33,215.93119090896738
647,647,33,215.93119090896738
648,648,33,215.93119090896738
649,649,34,243.01238719651133
650,650,33,215.93119090896738
651,651,33,215.93119090896738
652,652,33,215.93119090896738
653,653,33,215.93119090896738
654,654,33,215.93119090896738
655,655,34,243.01238719651133
656,656,34,243.01238719651133
657,657,33,215.93119090896738
658,658,33,215.93119090896738
659,659,33,215.93119090896738
660,660,34,243.01238719651133
661,661,34,243.01238719651133
662,662,34,243.01238719651133
663,663,35,189.22024619860207
664,664,35,189.22024619860207
665,665,34,243.01238719651133
666,666,35,189.22024619860207
667,667,34,243.01238719651133
668,668,35,189.22024619860207
669,669,36,223.48214576645398
670,670,36,223.48214576645398
671,671,35,189.22024619860207
672,672,34,243.01238719651133
673,673,33,215.93119090896738
674,674,33,215.93119090896738
675,675,34,243.01238719651133
676,676,35,189.22024619860207
677,677,34,243.01238719651133
678,678,35,189.22024619860207
679,679,34,243.01238719651133
680,680,34,243.01238719651133
681,681,34,243.01238719651133
682,682,33,215.93119090896738
683,683,33,215.93119090896738
684,684,33,215.93119090896738
685,685,34,243.01238719651133
686,686,35,189.22024619860207
687,687,35,189.22024619860207
688,688,36,223.48214576645398
689,689,37,162.26800709768435
690,690,37,162.26800709768435
691,691,37,162.26800709768435
692,692,38,213.7403224371987
693,693,39,195.38722050554284
694,694,39,195.38722050554284
695,695,40,176.2677396523726
696,696,40,176.2677396523726
697,697,40,176.2677396523726
698,698,39,195.38722050554284
699,699,39,195.38722050554284
700,700,39,195.38722050554284
701,701,38,213.7403224371987
702,702,38,213.7403224371987
703,703,39,195.38722050554284
704,704,38,213.7403224371987
705,705,39,195.38722050554284
706,706,40,176.2677396523726
707,707,41,188.97508606056442
708,708,41,188.97508606056442
709,709,42,139.76920763912946
710,710,43,90.96847604883789
711,711,43,90.96847604883789
712,712,43,90.96847604883789
713,713,42,139.76920763912946
714,714,41,188.97508606056442
715,715,42,139.76920763912946
716,716,42,139.76920763912946
717,717,42,139.76920763912946
718,718,43,90.96847604883789
719,719,42,139.76920763912946
720,720,42,139.76920763912946
721,721,42,139.76920763912946
722,722,42,139.76920763912946
723,723,41,188.97508606056442
724,724,42,139.76920763912946
725,725,42,139.76920763912946
726,726,42,139.76920763912946
727,727,41,188.97508606056442
728,728,42,139.76920763912946
729,729,43,90.96847604883789
730,730,43,90.96847604883789
731,731,42,139.76920763912946
732,732,42,139.76920763912946
733,733,42,139.76920763912946
734,734,43,90.96847604883789
735,735,44,132.2359761486605
736,736,45,90.61561877540126
737,737,46,67.98341022336983
738,738,46,67.98341022336983
739,739,45,90.61561877540126
740,740,46,67.98341022336983
741,741,45,90.61561877540126
742,742,46,67.98341022336983
743,743,46,67.98341022336983
744,744,46,67.98341022336983
745,745,45,90.61561877540126
746,746,44,132.2359761486605
747,747,45,90.61561877540126
748,748,44,132.2359761486605
749,749,45,90.61561877540126
750,750,44,132.2359761486605
751,751,45,90.61561877540126
752,752,45,90.61561877540126
753,753,46,67.98341022336983
754,754,46,67.98341022336983
755,755,47,50.2807254072045
756,756,47,50.2807254072045
757,757,48,95.29833682126076
758,758,49,52.44518254220919
759,759,50,53.975674323127336
760,760,51,48.49037480903976
761,761,52,42.441191211432596
762,762,52,42.441191211432596
763,763,52,42.441191211432596
764,764,51,48.49037480903976
765,765,51,48.49037480903976
766,766,52,42.441191211432596
767,767,53,40.473021380617254
768,768,53,40.473021380617254
769,769,54,26.949197621085467
770,770,55,64.27906273469583
771,771,54,26.949197621085467
772,772,54,26.949197621085467
773,773,53,40.473021380617254
774,774,53,40.473021380617254
775,775,53,40.473021380617254
776,776,54,26.949197621085467
777,777,55,64.27906273469583
778,778,55,64.27906273469583
779,779,56,24.25050449410714
780,780,57,39.897571595362706
781,781,57,39.897571595362706
782,782,56,24.25050449410714
783,783,55,64.27906273469583
784,784,54,26.949197621085467
785,785,54,26.949197621085467
786,786,55,64.27906273469583
787,787,55,64.27906273469583
788,788,56,24.25050449410714
789,789,57,39.897571595362706
790,790,57,39.897571595362706
791,791,57,39.897571595362706
792,792,58,21.303292919552927
793,793,57,39.897571595362706
794,794,56,24.25050449410714
795,795,56,24.25050449410714
796,796,56,24.25050449410714
797,797,55,64.27906273469583
798,798,55,64.27906273469583
799,799,55,64.27906273469583
800,800,54,26.949197621085467
801,801,54,26.949197621085467
802,802,53,40.473021380617254
803,803,54,26.949197621085467
804,804,53,40.473021380617254
805,805,52,42.441191211432596
806,806,53,40.473021380617254
807,807,54,26.949197621085467
808,808,55,64.27906273469583
809,809,56,24.25050449410714
810,810,57,39.897571595362706
811,811,56,24.25050449410714
812,812,56,24.25050449410714
813,813,56,24.25050449410714
814,814,55,64.27906273469583
815,815,56,24.25050449410714
816,816,56,24.25050449410714
817,817,57,39.897571595362706
818,818,58,21.303292919552927
819,819,58,21.303292919552927
820,820,57,39.897571595362706
821,821,58,21.303292919552927
822,822,58,21.303292919552927
823,823,59,26.192422806655358
824,824,60,16.948838109685983
825,825,61,13.13289155289892
826,826,60,16.948838109685983
827,827,59,26.192422806655358
828,828,59,26.192422806655358
829,829,59,26.192422806655358
830,830,59,26.192422806655358
831,831,59,26.192422806655358
832,832,58,21.303292919552927
833,833,59,26.192422806655358
834,834,59,26.192422806655358
835,835,58,21.303292919552927
836,836,57,39.897571595362706
837,837,57,39.897571595362706
838,838,57,39.897571595362706
839,839,58,21.303292919552927
840,840,58,21.303292919552927
841,841,57,39.897571595362706
842,842,58,21.303292919552927
843,843,59,26.192422806655358
844,844,59,26.192422806655358
845,845,60,16.948838109685983
846,846,61,13.13289155289892
847,847,60,16.948838109685983
848,848,60,16.948838109685983
849,849,61,13.13289155289892
850,850,61,13.13289155289892
851,851,62,10.757069877772953
852,852,63,24.73638162298426
853,853,62,10.757069877772953
854,854,62,10.757069877772953
855,855,61,13.13289155289892
856,856,60,16.948838109685983
857,857,61,13.13289155289892
858,858,62,10.757069877772953
859,859,61,13.13289155289892
860,860,62,10.757069877772953
861,861,63,24.73638162298426
862,862,64,5.058504665202197
863,863,64,5.058504665202197
864,864,64,5.058504665202197
865,865,65,15.134511330577102
866,866,65,15.134511330577102
867,867,65,15.134511330577102
868,868,65,15.134511330577102
869,869,64,5.058504665202197
870,870,63,24.73638162298426
871,871,62,10.757069877772953
872,872,61,13.13289155289892
873,873,61,13.13289155289892
874,874,61,13.13289155289892
875,875,60,16.948838109685983
876,876,61,13.13289155289892
877,877,62,10.757069877772953
878,878,63,24.73638162298426
879,879,63,24.73638162298426
880,880,63,24.73638162298426
881,881,64,5.058504665202197
882,882,65,15.134511330577102
883,883,66,24.509192290027034
884,884,66,24.509192290027034
885,885,67,1.5909203194764696
886,886,67,1.5909203194764696
887,887,68,18.966754460009316
888,888,69,1.4675493009124352
889,889,68,18.966754460009316
890,890,69,1.4675493009124352
891,891,69,1.4675493009124352
892,892,68,18.966754460009316
893,893,67,1.5909203194764696
894,894,66,24.509192290027034
895,895,65,15.134511330577102
896,896,66,24.509192290027034
897,897,67,1.5909203194764696
898,898,67,1.5909203194764696
899,899,68,18.966754460009316
900,900,68,18.966754460009316
901,901,69,1.4675493009124352
902,902,68,18.966754460009316
903,903,67,1.5909203194764696
904,904,66,24.509192290027034
905,905,66,24.509192290027034
906,906,66,24.509192290027034
907,907,65,15.134511330577102
908,908,66,24.509192290027034
909,909,66,24.509192290027034
910,910,65,15.134511330577102
911,911,66,24.509192290027034
912,912,67,1.5909203194764696
913,913,67,1.5909203194764696
914,914,67,1.5909203194764696
915,915,67,1.5909203194764696
916,916,66,24.509192290027034
917,917,66,24.509192290027034
918,918,65,15.134511330577102
919,919,64,5.058504665202197
920,920,65,15.134511330577102
921,921,64,5.058504665202197
922,922,65,15.134511330577102
923,923,66,24.509192290027034
924,924,66,24.509192290027034
925,925,65,15.134511330577102
926,926,64,5.058504665202197
927,927,64,5.058504665202197
928,928,65,15.134511330577102
929,929,64,5.058504665202197
930,930,65,15.134511330577102
931,931,64,5.058504665202197
932,932,65,15.134511330577102
933,933,66,24.509192290027034
934,934,65,15.134511330577102
935,935,66,24.509192290027034
936,936,67,1.5909203194764696
937,937,66,24.509192290027034
938,938,66,24.509192290027034
939,939,67,1.5909203194764696
940,940,67,1.5909203194764696
941,941,67,1.5909203194764696
942,942,68,18.966754460009316
943,943,68,18.966754460009316
944,944,67,1.5909203194764696
945,945,67,1.5909203194764696
946,946,67,1.5909203194764696
947,947,68,18.966754460009316
948,948,68,18.966754460009316
949,949,67,1.5909203194764696
950,950,66,24.509192290027034
951,951,65,15.134511330577102
952,952,64,5.058504665202197
953,953,64,5.058504665202197
954,954,64,5.058504665202197
955,955,65,15.134511330577102
956,956,64,5.058504665202197
957,957,64,5.058504665202197
958,958,63,24.73638162298426
959,959,62,10.757069877772953
960,960,62,10.757069877772953
961,961,61,13.13289155289892
962,962,62,10.757069877772953
963,963,63,24.73638162298426
964,964,63,24.73638162298426
965,965,63,24.73638162298426
966,966,63,24.73638162298426
967,967,63,24.73638162298426
968,968,62,10.757069877772953
969,969,63,24.73638162298426
970,970,64,5.058504665202197
971,971,64,5.058504665202197
972,972,64,5.058504665202197
973,973,64,5.058504665202197
974,974,65,15.134511330577102
975,975,66,24.509192290027034
976,976,67,1.5909203194764696
977,977,68,18.966754460009316
978,978,68,18.966754460009316
979,979,67,1.5909203194764696
980,980,67,1.5909203194764696
981,981,66,24.509192290027034
982,982,66,24.509192290027034
983,983,66,24.509192290027034
984,984,66,24.509192290027034
985,985,66,24.509192290027034
986,986,66,24.509192290027034
987,987,66,24.509192290027034
988,988,67,1.5909203194764696
989,989,66,24.509192290027034
990,990,67,1.5909203194764696
991,991,68,18.966754460009316
992,992,68,18.966754460009316
993,993,68,18.966754460009316
994,994,68,18.966754460009316
995,995,67,1.5909203194764696
996,996,66,24.509192290027034
997,997,67,1.5909203194764696
998,998,68,18.966754460009316
999,999,68,18.966754460009316
